0x7b8c69a0f660cd43ef67948976daae77bc6a019b,Huobi
0xab5c66752a9e8167967685f1450532fb96d5d24f,Huobi 1
0xe93381fb4c4f14bda253907b18fad305d799241a,Huobi 10
0xfa4b5be3f2f84f56703c42eb22142744e95a2c58,Huobi 11
0x46705dfff24256421a05d056c29e81bdc09723b8,Huobi 12
0x32598293906b5b17c27d657db3ad2c9b3f3e4265,Huobi 13
0x5861b8446a2f6e19a067874c133f04c578928727,Huobi 14
0x926fc576b7facf6ae2d08ee2d4734c134a743988,Huobi 15
0xeec606a66edb6f497662ea31b5eb1610da87ab5f,Huobi 16
0x7ef35bb398e0416b81b019fea395219b65c52164,Huobi 17
0x229b5c097f9b35009ca1321ad2034d4b3d5070f6,Huobi 18
0xd8a83b72377476d0a66683cde20a8aad0b628713,Huobi 19
0x6748f50f686bfbca6fe8ad62b22228b87f31ff2b,Huobi 2
0x90e9ddd9d8d5ae4e3763d0cf856c97594dea7325,Huobi 20
0x18916e1a2933cb349145a280473a5de8eb6630cb,Huobi 21
0x6f48a3e70f0251d1e83a989e62aaa2281a6d5380,Huobi 22
0xf056f435ba0cc4fcd2f1b17e3766549ffc404b94,Huobi 23
0x137ad9c4777e1d36e4b605e745e8f37b2b62e9c5,Huobi 24
0x5401dbf7da53e1c9dbf484e3d69505815f2f5e6e,Huobi 25
0x034f854b44d28e26386c1bc37ff9b20c6380b00d,Huobi 26
0x0577a79cfc63bbc0df38833ff4c4a3bf2095b404,Huobi 27
0x0c6c34cdd915845376fb5407e0895196c9dd4eec,Huobi 28
0x794d28ac31bcb136294761a556b68d2634094153,Huobi 29
0xfdb16996831753d5331ff813c29a93c76834a0ad,Huobi 3
0xfd54078badd5653571726c3370afb127351a6f26,Huobi 30
0xb4cd0386d2db86f30c1a11c2b8c4f4185c1dade9,Huobi 31
0x4d77a1144dc74f26838b69391a6d3b1e403d0990,Huobi 32
0x28ffe35688ffffd0659aee2e34778b0ae4e193ad,Huobi 33
0xcac725bef4f114f728cbcfd744a731c2a463c3fc,Huobi 34
0x73f8fc2e74302eb2efda125a326655acf0dc2d1b,Huobi 35
0xeee28d484628d41a82d01e21d12e2e78d69920da,Huobi 4
0x5c985e89dde482efe97ea9f1950ad149eb73829b,Huobi 5
0xdc76cd25977e0a5ae17155770273ad58648900d3,Huobi 6
0xadb2b42f6bd96f5c65920b9ac88619dce4166f94,Huobi 7
0xa8660c8ffd6d578f657b72c0c811284aef0b735e,Huobi 8
0x1062a747393198f70f71ec65a582423dba7e5ab3,Huobi 9
0x9d6d492bd500da5b33cf95a5d610a73360fcaaa0,Huobi Mining Pool
0xa66daa57432024023db65477ba87d4e7f5f95213,Huobi Pool Token
0x6f259637dcd74c767781e37bc6133cd6a68aa161,Huobi Token
0x0316eb71485b0ab14103307bf65a021042c6d380,Huobi: HBTC Token
0x1d1e10e8c66b67692f4c002c0cb334de5d485e41,Huobi: Old Address 1
0xea0cfef143182d7b9208fbfeda9d172c2aced972,Huobi: Old Address 10
0x0c92efa186074ba716d0e2156a6ffabd579f8035,Huobi: Old Address 11
0x91dfa9d9e062a50d2f351bfba0d35a9604993dac,Huobi: Old Address 12
0x8e8bc99b79488c276d6f3ca11901e9abd77efea4,Huobi: Old Address 13
0xb9a4873d8d2c22e56b8574e8605644d08e047549,Huobi: Old Address 14
0x170af0a02339743687afd3dc8d48cffd1f660728,Huobi: Old Address 15
0xf775a9a0ad44807bc15936df0ee68902af1a0eee,Huobi: Old Address 16
0x75a83599de596cbc91a1821ffa618c40e22ac8ca,Huobi: Old Address 17
0x48ab9f29795dfb44b36587c50da4b30c0e84d3ed,Huobi: Old Address 18
0x90f49e24a9554126f591d28174e157ca267194ba,Huobi: Old Address 19
0x1b93129f05cc2e840135aab154223c75097b69bf,Huobi: Old Address 2
0xe3314bbf3334228b257779e28228cfb86fa4261b,Huobi: Old Address 20
0x6edb9d6547befc3397801c94bb8c97d2e8087e2f,Huobi: Old Address 21
0x8aabba0077f1565df73e9d15dd3784a2b0033dad,Huobi: Old Address 22
0xd3a2f775e973c1671f2047e620448b8662dcd3ca,Huobi: Old Address 23
0x1c515eaa87568c850043a89c2d2c2e8187adb056,Huobi: Old Address 24
0x60b45f993223dcb8bdf05e3391f7630e5a51d787,Huobi: Old Address 25
0xa23d7dd4b8a1060344caf18a29b42350852af481,Huobi: Old Address 26
0x9eebb2815dba2166d8287afa9a2c89336ba9deaa,Huobi: Old Address 27
0xd10e08325c0e95d59c607a693483680fe5b755b3,Huobi: Old Address 28
0xc837f51a0efa33f8eca03570e3d01a4b2cf97ffd,Huobi: Old Address 29
0xeb6d43fe241fb2320b5a3c9be9cdfd4dd8226451,Huobi: Old Address 3
0xf7a8af16acb302351d7ea26ffc380575b741724c,Huobi: Old Address 30
0x636b76ae213358b9867591299e5c62b8d014e372,Huobi: Old Address 31
0x9a755332d874c893111207b0b220ce2615cd036f,Huobi: Old Address 32
0xecd8b3877d8e7cd0739de18a5b545bc0b3538566,Huobi: Old Address 33
0xef54f559b5e3b55b783c7bc59850f83514b6149c,Huobi: Old Address 34
0x956e0dbecc0e873d34a5e39b25f364b2ca036730,Huobi: Old Address 4
0x6f50c6bff08ec925232937b204b0ae23c488402a,Huobi: Old Address 5
0xdf95de30cdff4381b69f9e4fa8dddce31a0128df,Huobi: Old Address 6
0x25c6459e5c5b01694f6453e8961420ccd1edf3b1,Huobi: Old Address 7
0x04645af26b54bd85dc02ac65054e87362a72cb22,Huobi: Old Address 8
0xb2a48f542dc56b89b24c04076cbe565b3dc58e7b,Huobi: Old Address 9
0x3f5ce5fbfe3e9af3971dd833d26ba9b5c936f0be,Binance
0xd551234ae421e3bcba99a0da6d736074f22192ff,Binance 2
0x564286362092d8e7936f0549571a803b203aaced,Binance 3
0x0681d8db095565fe8a346fa0277bffde9c0edbbf,Binance 4
0xfe9e8709d3215310075d67e3ed32a380ccf451c8,Binance 5
0x4e9ce36e442e55ecd9025b9a6e0d88485d628a67,Binance 6
0xbe0eb53f46cd790cd13851d5eff43d12404d33e8,Binance 7
0xf977814e90da44bfa03b6295a0616a897441acec,Binance 8
0x001866ae5b3de6caa5a51543fd9fb64f524f5478,Binance 9
0x8b99f3660622e21f2910ecca7fbe51d654a1517d,Binance Charity
0xab83d182f3485cf1d6ccdd34c7cfef95b4c08da4,Binance JEX
0xb8c77482e45f1f44de1745f52c74426c631bdd52,Binance Token
0x4fabb145d64652a948d72533023f6e7a623c7c53,Binance USD
0xc9a2c4868f0f96faaa739b59934dc9cb304112ec,Binance: BGBP Token
0x0b95993a39a363d99280ac950f5e4536ab5c5566,Binance: Contract
0x5754284f345afc66a98fbb0a0afe71e0f007b949,Bitfinex
0x1151314c646ce4e0efd76d1af4760ae66a9fe30f,Bitfinex 1
0x742d35cc6634c0532925a3b844bc454e4438f44e,Bitfinex 2
0x876eabf441b2ee5b5b0554fd502a8e0600950cfa,Bitfinex 3
0x7727e5113d1d161373623e5f49fd568b4f543a9e,Bitfinex: Contract 1
0x0e55c54249f25f70d519b7fb1c20e3331e7ba76d,Bitfinex: Contract 2
0x5dbdebcae07cc958ba5290ff9deaae554e29e7b4,Bitfinex: Deployer 1
0x2ee3b2df6534abc759ffe994f7b8dcdfaa02cd31,Bitfinex: Deployer 2
0xe1f3c653248de6894d683cb2f10de7ca2253046f,Bitfinex: Deployer 3
0x2903cadbe271e057edef157340b52a5898d7424f,Bitfinex: Deployer 4
0x36928500bc1dcd7af6a2b4008875cc336b927d57,Bitfinex: Deployer 5
0x14d06788090769f669427b6aea1c0240d2321f34,Bitfinex: Deployer 6
0x2af5d2ad76741191d15dfe7bf6ac92d4bd912ca3,Bitfinex: LEO Token
0xab7c74abc0c4d48d1bdad5dcb26153fc8780f83e,Bitfinex: MultiSig 1
0xc6cde7c39eb2f0f0095f41570af89efc2c1ea828,Bitfinex: MultiSig 2
0xcafb10ee663f465f9d10588ac44ed20ed608c11e,Bitfinex: Old Address 1
0x7180eb39a6264938fdb3effd7341c4727c382153,Bitfinex: Old Address 2
0x69c6dcc8f83b196605fa1076897af0e7e2b6b044,Bitfinex: Old Contract 1
0x8d5a41e85f4ce2433beef476305d307b9205d98d,Bitfinex: Old Contract 2
0xabdf147870235fcfc34153828c769a70b3fae01f,Tether EUR
0x4922a015c4407f87432b179bb209e125432e4a2a,Tether Gold: XAUt Token
0xdac17f958d2ee523a2206206994597c13d831ec7,Tether USD
0x5041ed759dd4afc3a72b8192c143f72f4724081a,OKEx
0x6cc5f688a315f3dc28a7781717a9a798a59fda7b,OKEx 1
0x236f9f97e0e62388479bf9e5ba4889e46b0273c3,OKEx 2
0xa7efae728d2936e78bda97dc267687568dd593f3,OKEx 3
0x75231f58b43240c9718dd58b4967c5114342a86c,OKEx: OKB Token
0xfbb1b73c4f0bda4f67dca266ce6ef42f520fbb98,Bittrex 1
0xe94b04a0fed112f3664e45adb2b8915693dd5ff3,Bittrex 2
0x66f820a414680b5bcda5eeca5dea238543f42054,Bittrex 3
0xa3c1e324ca1ce40db73ed6026c4a177f099b5770,Bittrex: Controller
0x88d34944cf554e9cccf4a24292d891f620e9c94f,Bithumb 1
0x186549a4ae594fc1f70ba4cffdac714b405be3f9,Bithumb 10
0xd273bd546b11bd60214a2f9d71f22a088aafe31b,Bithumb 11
0x3052cd6bf951449a984fe4b5a38b46aef9455c8e,Bithumb 2
0x2140efd7ba31169c69dfff6cdc66c542f0211825,Bithumb 3
0xa0ff1e0f30b5dda2dc01e7e828290bc72b71e57d,Bithumb 4
0xc1da8f69e4881efe341600620268934ef01a3e63,Bithumb 5
0xb4460b75254ce0563bb68ec219208344c7ea838c,Bithumb 6
0x15878e87c685f866edfaf454be6dc06fa517b35b,Bithumb 7
0x31d03f07178bcd74f9099afebd23b0ae30184ab5,Bithumb 8
0xed48dc0628789c2956b1e41726d062a86ec45bff,Bithumb 9
0x3fbe1f8fc5ddb27d428aa60f661eaaab0d2000ce,Bithumb: Contract 1
0xbb5a0408fa54287b9074a2f47ab54c855e95ef82,Bithumb: Old Address 1
0x5521a68d4f8253fc44bfb1490249369b3e299a4a,Bithumb: Old Address 2
0x8fa8af91c675452200e49b4683a33ca2e1a34e42,Bithumb: Old Address 3
0x3b83cd1a8e516b6eb9f1af992e9354b15a6f9672,Bithumb: Old Address 4
0x00bdb5699745f5b860228c8f939abf1b9ae374ed,Bitstamp 1
0x1522900b6dafac587d499a862861c0869be6e428,Bitstamp 2
0x9a9bed3eb03e386d66f8a29dc67dc29bbb1ccb72,Bitstamp 3
0x059799f2261d37b829c2850cee67b5b975432271,Bitstamp 4
0x4c766def136f59f6494f0969b1355882080cf8e0,Bitstamp 5
0xc5b611f502a0dcf6c3188fd494061ae29b2baa4f,Bitstamp 6
0x538d72ded42a76a30f730292da939e0577f22f57,Bitstamp: Deployer
0xfca70e67b3f93f679992cd36323eeb5a5370c8e4,Bitstamp: Old Address 1
0x2910543af39aba0cd09dbb2d50200b3e800a63d2,Kraken 1
0x0a869d79a7052c7f1b55a8ebabbea3420f0d1e13,Kraken 2
0xe853c56864a2ebe4576a807d26fdc4a0ada51919,Kraken 3
0x267be1c1d684f78cb4f6a176c4911b741e4ffdc0,Kraken 4
0xfa52274dd61e1643d2205169732f29114bc240b3,Kraken 5
0x53d284357ec70ce289d6d64134dfac8e511c8a3d,Kraken 6
0x2e7542ec36df6429d8c397f88c4cf0c925948f44,Kraken: Deployer
0x3fda67f7583380e67ef93072294a7fac882fd7e7,Compound
0xb3319f5d18bc0d84dd1b4825dcde5d5f7266d407,Compound 0x
0x158079ee67fce2f58472a96584a73c7ab9ac95c1,Compound Augur
0x6c8c6b02e7b2be14d4fa6022dfd6d75921d90e4e,Compound Basic Attention Token
0x5d3a536e4d6dbd6114cc1ead35777bab948e3643,Compound Dai
0x4ddc2d193948926d02f9b1fe9e1daa0718270ed5,Compound Ether
0xf5dce57282a584d2746faf1593d3121fcac444dc,Compound Sai
0xf650c3d88d12db855b8bf7d11be6c55a4e07dcc9,Compound Tether
0x39aa39c021dfbae8fac545936693ac917d5e7563,Compound USD Coin
0xc11b1268c1a384e55c48c2391d8d480264a3a7f4,Compound Wrapped BTC
0xc00e94cb662c3520282e6f5717214004a7f26888,Compound: COMP Token
0x3d9819210a31b4961b30ef54be2aed79b9c9cd3b,Compound: Comptroller
0xf859a1ad94bcf445a406b892ef0d3082f4174088,Compound: Contract 1
0xa7ff0d561cd15ed525e31bbe0af3fe34ac2059f6,Compound: Deployer 1
0x1449e0687810bddd356ae6dd87789244a46d9adb,Compound: Deployer 2
0xcec237e83a080f3225ab1562605ee6dedf5644cc,Compound: Deployer 3
0xfe83af639f769ead20bad76067abc120245a06a9,Compound: Deployer 4
0xc0da01a04c3f3e0be433606045bb7017a7323e38,Compound: Governor Alpha
0x1055be4bf7338c7606d9efdcf80593f180ba043e,Compound: Liquidator
0x02557a5e05defeffd4cae6d83ea3d173b272c904,Compound: Oracle
0x9e77ad51e5c0825d6e440f49e49ef1a1bca37b5d,Compound: Oracle 2
0xe7664229833ae4abf4e269b8f23a86b657e2338d,Compound: Oracle v2
0xddc46a3b076aec7ab3fc37420a8edd2959764ec4,Compound: Price Oracle Proxy
0xd25c029a607ee888bdbdbe054515e25ec6f3fff9,Compound: Rate Model
0x0a97f822272519d5296e21de278a86cd3ce3c96a,Compound: Rate Model 2
0x16c2a19edbc68780dfc03708bc9021ef34db2e33,Compound: Rate Model 3
0xcdaf8cb1839952cbe6d98d248e593b782a2419c7,Compound: Rate Model 4
0xd928c8ead620bb316d2cefe3caf81dc2dec6ff63,Compound: Rate Model 5
0x8ac03df808efae9397a9d95888230ee022b997f4,Compound: Stablecoin Rate Model
0x6b175474e89094c44da98b954eedeac495271d0f,Dai Stablecoin
0x39755357759ce0d7f32dc8dc45414cca409ae24e,Eth2Dai: Old Contract
0x9f8f72aa9304c8b593d555f12ef6589cc3a579a2,Maker Token
0x5ef30b9986345249bc32d8928b7ee64de9435e39,Maker: CDP Manager
0x448a5065aebb8e423f0896e6c5d525c040f59af3,Maker: Contract 1
0xbda109309f9fafa6dd6a9cb9f1df4085b27ee8ef,Maker: Contract 2
0x9b0f70df76165442ca6092939132bbaea77f2d7a,Maker: Contract 3
0x9b0ccf7c8994e19f39b2b4cf708e0a7df65fa8a3,Maker: Contract 4
0xf2c5369cffb8ea6284452b0326e326dbfdcb867c,Maker: Contract 5
0x315cbb88168396d12e1a255f9cb935408fe80710,Maker: Contract 6
0x79f6d0f646706e1261acf0b93dcb864f357d4680,Maker: Contract 7
0x8e2a84d6ade1e7fffee039a35ef5f19f13057152,Maker: Contract 8
0x69076e44a9c70a67d5b79d95795aba299083c275,Maker: Contract 9
0x4f26ffbe5f04ed43630fdc30a87638d53d0b0876,Maker: Deployer 1
0xdb33dfd3d61308c33c63209845dad3e6bfb2c674,Maker: Deployer 2
0x00daa9a2d88bed5a29a6ca93e0b7d860cd1d403f,Maker: Deployer 3
0xddb108893104de4e1c6d0e47c42237db4e617acc,Maker: Deployer 4
0xa26e15c895efc0616177b7c1e7270a4c7d51c997,Maker: DS Proxy Factory
0x36a724bd100c39f0ea4d3a20f7097ee01a8ff573,Maker: Get CDPS
0x9ef05f7f6deb616fd37ac3c959a2ddd25a54e4f5,Maker: Governance Contract
0x78f2c2af65126834c51822f56be0d7469d7a523e,Maker: MCD Cat
0xbaa65281c2fa2baacb2cb550ba051525a480d3f4,Maker: MCD Deploy
0xab14d3ce3f733cacb76ec2abe7d2fcb00c99f3d5,Maker: MCD End
0x0581a0abe32aae9b5f0f68defab77c6759100085,Maker: MCD ESM
0xdfe0fb1be2a52cdbf8fb962d5701d7fd0902db9f,Maker: MCD Flap
0xaa745404d55f88c108a28c86abe7b5a1e7817c07,Maker: MCD Flip BAT A
0xd8a04f5412223f513dc55f839574430f5ec15531,Maker: MCD Flip ETH A
0x5432b2f3c0dff95aa191c45e5cbd539e2820ae72,Maker: MCD Flip SAI
0xbe00fe8dfd9c079f1e5f5ad7ae9a3ad2c571fcac,Maker: MCD Flop
0x4f5f0933158569c026d617337614d00ee6589b6e,Maker: MCD Gov Actions
0x3d0b1912b66114d4096f48a8cee3a56c231772ca,Maker: MCD Join BAT A
0x9759a6ac90977b93b58547b4a71c78317f391a28,Maker: MCD Join DAI
0x2f0b23f53734252bda2277357e97e1517d6b042a,Maker: MCD Join ETH A
0xad37fd42185ba63009177058208dd1be4b136e6b,Maker: MCD Join SAI
0x19c0976f590d67707e62397c87829d896dc0f1f1,Maker: MCD Jug
0xbe286431454714f511008713973d3b053a2d38f3,Maker: MCD Pause
0xbe8e3e3618f7474f8cb1d074a26affef007e98fb,Maker: MCD Pause Proxy
0x197e90f9fad81970ba7976f33cbd77088e5d7cf7,Maker: MCD Pot
0x65c79fcb50ca1594b025960e539ed7a9a6d434a3,Maker: MCD Spot
0x35d1b3f3d7966a1dfe207aa4514c12a259a0492b,Maker: MCD Vat
0xa950524441892a31ebddf91d3ceefa04bf454466,Maker: MCD Vow
0x99041f808d598b782d5a3e498681c2452a31da08,Maker: Medianizer 1
0x729d19f657bd0614b4985cf1d82531c67569197b,Maker: Medianizer 2
0xc73e0383f3aff3215e6f04b0331d58cecf0ab849,Maker: Migration
0xe4b22d484958e582098a98229a24e8a43801b674,Maker: Migration Proxy Actions
0x5e227ad1969ea493b43f840cff78d08a6fc17796,Maker: Multicall
0x8ee7d9235e01e6b42345120b5d270bdb763624c7,Maker: MultiSig
0x793ebbe21607e4f04788f89c7a9b97320773ec59,Maker: Oasis Proxy
0xc66ea802717bfb9833400264dd12c2bceaa34a6d,Maker: Old Token
0xb4eb54af9cc7882df0121d26c5b97e802915abe6,Maker: PIP BAT
0x81fe72b5a8d1a857d176c3e7d5bd2679a9b85763,Maker: PIP ETH
0x54003dbf6ae6cba6ddae571ccdc34d834b44ab1e,Maker: PIP SAI
0x82ecd135dce65fbc6dbdd0e4237e0af93ffd5038,Maker: Proxy Actions
0x07ee93aeea0a36fff2a9b95dd22bd6049ee54f26,Maker: Proxy Actions DSR
0x069b2fb501b6f16d1f5fe245b16f6993808f1008,Maker: Proxy Actions End
0x1b93556ab8dccef01cd7823c617a6d340f53fb58,Maker: Proxy Deployer
0x6bda13d43b7edd6cafe1f70fb98b5d40f61a1370,Maker: Proxy Pause Actions
0x4678f0a6958e4d2bc4f1baf7bc52e8f3564f3fe4,Maker: Proxy Registry
0x190c2cfc69e68a8e8d5e2b9e2b9cc3332caff77b,Maker: Sai Proxy 1
0x526af336d614ade5cc252a407062b8861af998f5,Maker: Sai Proxy 2
0xbf72da2bd84c5170618fbe5914b0eca9638d5eb5,Maker: WBTC
0x794e6e91555438afc3ccf1c5076a74f42133d08d,OasisDEX
0x14fbca95be7e99c15cc2996c6c9d841e54b79425,OasisDex: Old Contract 1
0xb7ac09c2c0217b07d7c103029b4918a2c401eecb,OasisDex: Old Contract 2
0xf53ad2c6851052a81b42133467480961b2321c09,Pooled Ether
0x59adcf176ed2f6788a41b8ea4c4904518e62b6a4,ProtoSAI Token
0x89d24a6b4ccb1b6faa2625fe562bdd9a23260359,Sai Stablecoin
0x32be343b94f860124dc4fee278fdcbd38c102d88,Poloniex
0x209c4784ab1e8183cf58ca33cb740efbf3fc18ef,Poloniex 2
0xb794f5ea0ba39494ce839613fffba74279579268,Poloniex 3
0xa910f92acdaf488fa6ef02174fb86208ad7722ba,Poloniex 4
0xaa9fa73dfe17ecaa2c89b39f0bb2779613c5fc3b,Poloniex: BAT
0x2fa2bc2ce6a4f92952921a4caa46b3727d24a1ec,Poloniex: BNT
0x31a2feb9b5d3b5f4e76c71d6c92fc46ebb3cb1c1,Poloniex: CVC
0x6b71834d65c5c4d8ed158d54b47e6ea4ff4e5437,Poloniex: FOAM
0x48d466b7c0d32b61e8a82cd2bcf060f7c3f966df,Poloniex: GNO
0x0536806df512d6cdde913cf95c9886f65b1d3462,Poloniex: GNT
0x8d451ae5ee8f557a9ce7a9d7be8a8cb40002d5cb,Poloniex: KNC
0xbd2ec7c608a06fe975dbdca729e84dedb34ecc21,Poloniex: LOOM
0xc0e30823e5e628df8bc9bf2636a347e1512f0ecb,Poloniex: MANA
0x65f9b2e4d7aaeb40ffea8c6f5844d5ad7da257e0,Poloniex: NXC
0x36b01066b7fa4a0fdb2968ea0256c848e9135674,Poloniex: OMG
0xab11204cfeaccffa63c2d23aef2ea9accdb0a0d5,Poloniex: REP
0x6795cf8eb25585eadc356ae32ac6641016c550f2,Poloniex: SNT
0xfbf2173154f7625713be22e0504404ebfe021eae,Poloniex: STORJ
0x6f803466bcd17f44fa18975bf7c509ba64bf3825,Poloniex: USDC
0xead6be34ce315940264519f250d8160f369fa5cd,Poloniex: ZRX
0x8a6629feba4196e0a61b8e8c94d4905e525bc055,dYdX: Admin Impl
0x57b98aa8a8b69c6295195d153fe6edd0b0d176ac,dYdX: Auction Proxy
0xfbc08a66f8bac391f21472d9625c1092ff41cc04,dYdX: Bucket Lender Factory
0x787f552bdc17332c98aa360748884513e3cb401a,dYdX: Dai Price Oracle
0xa2f79147143e9100e1dd65df277ac54825197148,dYdX: Deployer
0x686f7d0b698b6780a8ce1d6ae13bb8c813552ff3,dYdX: Dutch Auction Closer
0x2657eca107d7c2abcf72c7a97c8eeef863c22507,dYdX: Erc20 Long Factory
0xd5e3e6f3f5de6c778bcd31e175e7b4a543b9d89d,dYdX: ERC20 Long Factory 2
0x5be497a12e92b8deb68da9d0ed9943f8dc3067ca,dYdX: ERC20 Position Withdrawer
0xf57263953d4d02707cc26b64b920820cd310a01d,dYdX: ERC20 Position Withdrawer V2
0xc72786ad71b5ef5326299409d5fe6912c05635ab,dYdX: Erc20 Short Factory
0x4cf98de1793ef45a2cfe9c622d871c63d61ecb28,dYdX: ERC20 Short Factory 2
0x1098898efacd41e1824cd610f52d0f8690bdc87a,dYdX: Erc721 Margin Position
0x61fa58d7ef40d6f6853740330b62ccad34f8bc04,dYdX: Eth Wrapper Bucket Lender
0x0ece224fbc24d40b446c6a94a142dc41fae76f2d,dYdX: Expiry
0x36bf21c8e661b21e6166e4385f574941fdc6caff,dYdX: Margin
0xd72136c6da6ae959b5960c204edf8bc260087bca,dYdX: Oasis V1 Simple Exchange Wrapper
0xf85baccc3e7fd4b6a49818fc46503bb51539d554,dYdX: Oasis V2 Simple Exchange Wrapper
0x89b5925a310b22e3e51cf9e2b3405a8c9b680835,dYdX: Oasis V3 Simple Exchange Wrapper
0xcb17e969288ae849d5e0717694c5c56e70e798ed,dYdX: Open Directly Exchange Wrapper
0x56e7d4520abfecf10b38368b00723d9bd3c21ee1,dYdX: Operation Impl
0xa8b39829ce2246f89b31c013b8cde15506fb9a76,dYdX: Payable Proxy For Solo Margin
0xad91a0ddf799176a0a87a32dafe8f3dd28479918,dYdX: Polynomial Interest Setter
0x1e0447b19bb6ecfdae1e4ae1694b0c3659614e4e,dYdX: Solo Margin
0xeafd335c0e72bb89857972ee7a3ba90bd5a2f7fd,dYdX: Token Proxy
0x52f1c952a48a4588f9ae615d38cfdbf8df036e60,dYdX: Usdc Price Oracle
0x5199071825cc1d6cd019b0d7d42b08106f6cf16d,dYdX: Vault
0x8418bb725b3ac45ec8fff3791dd8b4e0480cc2a2,dYdX: Weth Payout Recipient
0xf61ae328463cd997c7b58e7045cdc613e1cfdb69,dYdX: Weth Price Oracle
0x5d4b4d9f5274f72d7d4308597d0ea95b97b094cf,dYdX: ZeroEx V1 Exchange Wrapper
0xa26d16a21805b14b2977555ffdea34e5e6fc43ba,dYdX: ZeroEx V2 Exchange Wrapper
0x059550a1ca3c46a2adb803e9e3ea4585a34f004a,DydX Expo
